<?xml version="1.0" encoding="UTF-8"?>
<project-private xmlns="http://www.netbeans.org/ns/project-private/1">
    <editor-bookmarks xmlns="http://www.netbeans.org/ns/editor-bookmarks/2" lastBookmarkId="0"/>
    <open-files xmlns="http://www.netbeans.org/ns/projectui-open-files/2">
        <group>
            <file>file:/D:/Code/Projects/GUI_Password_Generator_Java/src/gui_password_generator_java/ui/app.java</file>
            <file>file:/D:/Code/Projects/GUI_Password_Generator_Java/src/gui_password_generator_java/main.java</file>
        </group>
    </open-files>
</project-private>
